name,url,gbp_query
The Little Conservatory Company LTD,https://www.littleconservatorycompany.co.uk/?utm_source=Google+My+Business&utm_campaign=Google+My+Business,The Little Conservatory Company LTD construction firm Cheltenham
ITS Cheltenham,http://itsconstruction.co.uk/,ITS Cheltenham construction firm Cheltenham
LPD Building Services Limited,https://lpd-buildingservices.co.uk/,LPD Building Services Limited construction firm Cheltenham
New Dawn Homes Ltd,http://www.newdawnhomes.co.uk/,New Dawn Homes Ltd construction firm Cheltenham
Ryan Meadows Group LTD,https://www.ryanmeadowsgroup.co.uk/,Ryan Meadows Group LTD construction firm Cheltenham
Newland Homes Ltd,http://www.newlandhomes.co.uk/,Newland Homes Ltd construction firm Cheltenham
Constructs Building,https://constructsbuilding.co.uk/,Constructs Building construction firm Cheltenham
DP Carpentry and Building Ltd,https://www.dpcarpentryandbuilding.co.uk/,DP Carpentry and Building Ltd construction firm Cheltenham
Shield Brickwork & Landscaping LTD,http://www.shield-brickwork.co.uk/,Shield Brickwork & Landscaping LTD construction firm Cheltenham
Cheltenham Sealants,https://www.cheltenhamworktops.uk/,Cheltenham Sealants construction firm Cheltenham
VIP Properties Ltd,https://www.vip-properties.co.uk/,VIP Properties Ltd construction firm Cheltenham
Eleven Builders Ltd,http://elevenbuilders.co.uk/,Eleven Builders Ltd construction firm Cheltenham
Barthorp Building,http://www.barthorpbuilding.co.uk/,Barthorp Building construction firm Cheltenham
BRG Technologies,https://brgtech.com/,BRG Technologies construction firm Cheltenham
C&j Improvements,https://www.cjimprovements.com/,C&j Improvements construction firm Cheltenham
Buildtec Construction,http://www.buildtecconstruction.co.uk/,Buildtec Construction construction firm Cheltenham
Stallard Construction,http://www.stallardconstruction.co.uk/,Stallard Construction construction firm Cheltenham
TPM builders,http://tpmbuilders.com/,TPM builders construction firm Cheltenham
Centaur Homes,http://www.centaurhomes.co.uk/,Centaur Homes construction firm Cheltenham
New & Tilley,https://www.newandtilley.co.uk/,New & Tilley construction firm Cheltenham
Corinium Construction Ltd,https://coriniumconstruction.co.uk/,Corinium Construction Ltd construction firm Cheltenham
BKS Bathroom and Kitchen Specialists,http://www.bksdesigns.co.uk/,BKS Bathroom and Kitchen Specialists construction firm Cheltenham
Hemming Architectural and Surveying Services Ltd,http://www.haass.co.uk/,Hemming Architectural and Surveying Services Ltd construction firm Cheltenham
Meliora Renovations,https://meliora-renovations.co.uk/,Meliora Renovations construction firm Cheltenham
Stonewell Walling (Dry Stone Walling),https://www.stonewellwalling.co.uk/,Stonewell Walling (Dry Stone Walling) construction firm Cheltenham
TBMC - The Building & Maintenance Company (UK) Ltd,http://www.tb-mc.co.uk/,TBMC - The Building & Maintenance Company (UK) Ltd construction firm Cheltenham
R and S Building Services Engineers,http://www.thisisrs.co.uk/,R and S Building Services Engineers construction firm Cheltenham
Bright Office Interiors,http://www.brightofficeinteriors.co.uk/,Bright Office Interiors construction firm Cheltenham
Cowley shepherds huts,https://www.cowleyshepherdshuts.co.uk/,Cowley shepherds huts construction firm Cheltenham
KFM Construction,https://kfmconstruction.co.uk/,KFM Construction construction firm Cheltenham
Leckhampton Builders Ltd,http://www.leckhamptonbuilders.com/,Leckhampton Builders Ltd construction firm Cheltenham
Charlton Piling & Foundations Ltd,http://www.charltonpiling.co.uk/,Charlton Piling & Foundations Ltd construction firm Cheltenham
A P P,http://appgeneralbuilding.co.uk/,A P P construction firm Cheltenham
Visha limited,https://www.visha.construction/,Visha limited construction firm Cheltenham
The Property Conservation Company Ltd | Cheltenham,https://www.propertyconservationco.co.uk/,The Property Conservation Company Ltd | Cheltenham construction firm Cheltenham
PD Home Improvements Cleeve,http://pdhomeimprovementscleeve.co.uk/?utm_source=gmb&utm_medium=referral,PD Home Improvements Cleeve construction firm Cheltenham
Perks Building Contractors Ltd,http://www.perksbuilders.co.uk/,Perks Building Contractors Ltd construction firm Cheltenham
Old Yard,https://www.kingsleyevans.co.uk/wp-content/uploads/2023/09/brochure-4037-1.pdf,Old Yard construction firm Cheltenham
Greet Building Services Ltd,http://www.greetbuildingservices.co.uk/,Greet Building Services Ltd construction firm Cheltenham
Regency Contracting Cheltenham Ltd,http://www.regencycontracting.co.uk/,Regency Contracting Cheltenham Ltd construction firm Cheltenham
APEX Groundworks,http://apexgroundworks.co.uk/,APEX Groundworks construction firm Cheltenham
ADIRA BUILD LTD,http://adirabuild.com/,ADIRA BUILD LTD construction firm Cheltenham
Tom Hazzledine,http://www.tomhazzledine.co.uk/,Tom Hazzledine construction firm Cheltenham
KW Construction Group,http://www.kw-construction.co.uk/,KW Construction Group construction firm Cheltenham
Kenyon Davies LDT,http://kenyondavies.co.uk/,Kenyon Davies LDT construction firm Cheltenham
Cranatt Construction Ltd,http://www.cranattconstruction.co.uk/,Cranatt Construction Ltd construction firm Cheltenham
Pearson Short Ltd,http://www.pearsonshort.co.uk/,Pearson Short Ltd construction firm Cheltenham
Iceberg Developments Cheltenham,http://www.icebergdevelopments.co.uk/cheltenham/,Iceberg Developments Cheltenham construction firm Cheltenham
Easy Construction,https://easy-construction.ueniweb.com/?utm_campaign=gmb,Easy Construction construction firm Cheltenham
QC Homes,http://qchomes.uk/,QC Homes construction firm Cheltenham
EMG Construction,http://www.emg-construction.co.uk/,EMG Construction construction firm Cheltenham
R & M Construction,https://www.randm-construction.co.uk/,R & M Construction construction firm Cheltenham
