name,url,gbp_query
Rand Planning Consultancy,http://www.randplanningconsultancy.co.uk/,Rand Planning Consultancy architectural practice Swindon
Construction Edge Swindon Ltd,http://www.construction-edge.co.uk/,Construction Edge Swindon Ltd architectural practice Swindon
Home Plan Design Services,http://www.home-plan-design.co.uk/,Home Plan Design Services architectural practice Swindon
Pendle Property Design,http://www.pendlepropertydesign.co.uk/,Pendle Property Design architectural practice Swindon
MJF CAD Solutions Ltd.,http://www.mjfcadsolutions.co.uk/,MJF CAD Solutions Ltd. architectural practice Swindon
Oc Architects,https://www.ocarchitects.co.uk/,Oc Architects architectural practice Swindon
R & R Design and Build Contractors Limited,http://www.r-r-designandbuild.com/,R & R Design and Build Contractors Limited architectural practice Swindon
Edward Tucker Architecture Ltd,http://www.edwardtucker.co.uk/,Edward Tucker Architecture Ltd architectural practice Swindon
Offgrid Architecture,http://offgridarchitecture.co.uk/,Offgrid Architecture architectural practice Swindon
Planning Drawings,https://planningdrawings.co.uk/,Planning Drawings architectural practice Swindon
NC Architects Ltd,http://www.nc-architects.com/,NC Architects Ltd architectural practice Swindon
DPDS Consulting Group,http://www.dpds.co.uk/,DPDS Consulting Group architectural practice Swindon
Silicon EC UK Limited,http://www.siliconec.co.uk/,Silicon EC UK Limited architectural practice Swindon
Sullivan,https://iansullivanarchitecture.co.uk/,Sullivan architectural practice Swindon
Lawrence Wills Architectural Services,http://www.lawrencebuildingplans.co.uk/,Lawrence Wills Architectural Services architectural practice Swindon
Hawkridge Studio,https://hawkridge.studio/,Hawkridge Studio architectural practice Swindon
Sovereign Structures,https://sovereignstructures.co.uk/,Sovereign Structures architectural practice Swindon
N W D Design,https://www.nwddesign.co.uk/,N W D Design architectural practice Swindon
Lawrence / Swindon Building Plans,https://www.swindonbuildingplans.co.uk/,Lawrence / Swindon Building Plans architectural practice Swindon
Halzac Design Ltd,http://www.halzacdesign.co.uk/,Halzac Design Ltd architectural practice Swindon
Allan Corfield Architects Ltd,https://acarchitects.biz/,Allan Corfield Architects Ltd architectural practice Swindon
Easton Bevins,http://www.eastonbevins.co.uk/,Easton Bevins architectural practice Swindon
Squires Planning,https://squiresplanning.co.uk/,Squires Planning architectural practice Swindon
Airsculpt Tensile Limited tensile fabric structure company,http://www.airsculpt.co.uk/,Airsculpt Tensile Limited tensile fabric structure company architectural practice Swindon
JT Plan & Design,http://jtplananddesign.co.uk/,JT Plan & Design architectural practice Swindon
Neil Armstrong Architectural Services,https://www.neilbarmstrong.co.uk/,Neil Armstrong Architectural Services architectural practice Swindon
DW Architech Limited,https://www.dwarchitech.co.uk/,DW Architech Limited architectural practice Swindon
Wiltshire Build Solutions,http://wiltshirebuildsolutions.co.uk/,Wiltshire Build Solutions architectural practice Swindon
Abode Creative,https://www.abodecreative.design/,Abode Creative architectural practice Swindon
